Jahr;Monat;Tag;Uhrzeit
2014;04;16;12:45:38
Druck1[mbar];Druck2[mbar];Zeit[s-6];Grund
00153;00113;0000000;0
00093;00054;0000100;0
00054;00054;0000200;0
00074;00093;0000300;0
00074;00074;0000400;0
00034;00093;0000500;0
00074;00014;0000600;0
00074;00133;0000700;0
00133;00173;0000800;0
00093;00153;0000900;0
00000;00093;0001000;0
00133;00074;0001100;0
00113;00014;0001200;0
00014;00133;0001300;0
00074;00074;0001400;0
00093;00113;0001500;0
00034;00014;0001600;0
00034;00054;0001700;0
00113;00093;0001800;0
00153;00192;0001900;0
00113;00153;0002000;0
00054;00014;0002100;0
00014;00034;0002200;0
00054;00153;0002300;0
00133;00054;0002400;0
00133;00093;0002500;0
00093;00074;0002600;0
00153;00153;0002700;0
00173;00153;0002800;0
00113;00014;0002900;0
00173;00133;0003000;0
00093;00034;0003100;0
00014;00034;0003200;0
00133;00133;0003300;0
00000;00093;0003400;0
00093;00153;0003500;0
00054;00133;0003600;0
00054;00034;0003700;0
00133;00074;0003800;0
00093;00093;0003900;0
00074;00074;0004000;0
00034;00054;0004100;0
00093;00014;0004200;0
00034;00074;0004300;0
00093;00054;0004400;0
00133;00093;0004500;0
00093;00133;0004600;0
00133;00093;0004700;0
00093;00113;0004800;0
00192;00113;0004900;0
00054;00113;0005000;0
00054;00093;0005100;0
00014;00014;0005200;0
00093;00133;0005300;0
00093;00074;0005400;0
00054;00074;0005500;0
00034;00000;0005600;0
00054;00074;0005700;0
00173;00173;0005800;0
00093;00034;0005900;0
00034;00113;0006000;0
00014;00034;0006100;0
00014;00133;0006200;0
00133;00113;0006300;0
00054;00014;0006400;0
00034;00074;0006500;0
00133;00054;0006600;0
00054;00113;0006700;0
00192;00093;0006800;0
00173;00093;0006900;0
00173;00746;0007000;0
00153;00000;0007100;0
00074;00093;0007200;0
00000;00370;0007300;0
00153;00232;0007400;0
00074;00350;0007500;0
00133;00113;0007600;0
00192;00508;0007700;0
00113;00093;0007800;0
00054;00370;0007900;0
00054;00133;0008000;0
00153;00000;0008100;0
00153;00093;0008200;0
00133;00000;0008300;0
00153;00271;0008400;0
00074;00000;0008500;0
00153;00133;0008600;0
00093;00232;0008700;0
00192;00232;0008800;0
00192;00192;0008900;0
00000;00350;0009000;0
00093;00173;0009100;0
00034;00093;0009200;0
00074;00093;0009300;0
00153;00153;0009400;0
00173;00000;0009500;0
00093;00212;0009600;0
00074;00212;0009700;0
00113;00153;0009800;0
00093;00054;0009900;0
00014;00014;0010000;0
00074;00014;0010100;0
00133;00054;0010200;0
00113;00093;0010300;0
00074;00034;0010400;0
00074;00000;0010500;0
00000;00054;0010600;0
00133;00113;0010700;0
00074;00173;0010800;0
00074;00133;0010900;0
00113;00014;0011000;0
00113;00014;0011100;0
00153;00074;0011200;0
00000;00054;0011300;0
00074;00054;0011400;0
00014;00034;0011500;0
00093;00133;0011600;0
00093;00153;0011700;0
00113;00074;0011800;0
00133;00153;0011900;0
00192;00173;0012000;0
00074;00034;0012100;0
00014;00093;0012200;0
00133;00093;0012300;0
00093;00054;0012400;0
00014;00074;0012500;0
00074;00000;0012600;0
00034;00093;0012700;0
00212;00074;0012800;0
00093;00133;0012900;0
00153;00093;0013000;0
00113;00034;0013100;0
00014;00014;0013200;0
00074;00133;0013300;0
00113;00153;0013400;0
00074;00014;0013500;0
00034;00034;0013600;0
00074;00113;0013700;0
00192;00074;0013800;0
00093;00074;0013900;0
00074;00074;0014000;0
00074;00153;0014100;0
00034;00093;0014200;0
00074;00113;0014300;0
00153;00133;0014400;0
00133;00113;0014500;0
00054;00014;0014600;0
00173;00133;0014700;0
00113;00093;0014800;0
00000;00074;0014900;0
00054;00173;0015000;0
00074;00014;0015100;0
00034;00093;0015200;0
00074;00014;0015300;0
00000;00034;0015400;0
00093;00113;0015500;0
00054;00093;0015600;0
00113;00074;0015700;0
00173;00153;0015800;0
00173;00074;0015900;0
00113;00113;0016000;0
00093;00133;0016100;0
00074;00173;0016200;0
00093;00093;0016300;0
00074;00113;0016400;0
00133;00133;0016500;0
00133;00014;0016600;0
00212;00034;0016700;0
00153;00133;0016800;0
00113;00113;0016900;0
00133;00034;0017000;0
00093;00173;0017100;0
00113;00093;0017200;0
00153;00133;0017300;0
00113;00093;0017400;0
00054;00054;0017500;0
00014;00074;0017600;0
00153;00093;0017700;0
00153;00113;0017800;0
00133;00113;0017900;0
00153;00034;0018000;0
00133;00054;0018100;0
00093;00093;0018200;0
00054;00093;0018300;0
00054;00054;0018400;0
00034;00113;0018500;0
00014;00113;0018600;0
00113;00153;0018700;0
00074;00133;0018800;0
00054;00173;0018900;0
00000;00074;0019000;0
00173;00074;0019100;0
00034;00054;0019200;0
00054;00133;0019300;0
00113;00113;0019400;0
00054;00113;0019500;0
00054;00093;0019600;0
00133;00074;0019700;0
00173;00153;0019800;0
00173;00113;0019900;0
00034;00173;0020000;0
00113;00034;0020100;4
00054;00489;0020200;4
00212;00370;0020300;4
00113;00034;0020400;4
00113;00000;0020500;4
00000;01753;0020600;4
00074;00153;0020700;4
00074;00093;0020800;4
00133;00568;0020900;4
00153;00054;0021000;4
00054;00133;0021100;4
00000;00173;0021200;4
01318;00034;0021300;4
00014;00093;0021400;4
00093;00034;0021500;4
00133;00331;0021600;4
00014;00113;0021700;4
00153;00093;0021800;4
00153;00192;0021900;4
00153;00113;0022000;4
00192;00093;0022100;4
00153;00000;0022200;4
00000;00232;0022300;4
00000;00034;0022400;4
00192;00311;0022500;4
00153;00548;0022600;4
00054;00390;0022700;4
00113;00000;0022800;4
00000;00331;0022900;4
00252;00271;0023000;4
00034;00054;0023100;4
00113;00232;0023200;4
00133;00113;0023300;4
00173;00173;0023400;4
00173;00331;0023500;4
00192;00568;0023600;4
00074;00173;0023700;4
00133;00034;0023800;4
00153;00000;0023900;4
00232;00212;0024000;4
00093;00271;0024100;4
00173;00192;0024200;4
00093;00133;0024300;4
00093;00074;0024400;4
00113;00000;0024500;4
00000;00331;0024600;4
00093;00093;0024700;4
00034;00153;0024800;4
00054;00133;0024900;4
00074;00568;0025000;4
00212;00173;0025100;4
00000;00014;0025200;4
00074;00350;0025300;4
00093;00093;0025400;4
00074;00000;0025500;4
00133;00000;0025600;4
00113;00034;0025700;4
00133;00074;0025800;4
00153;00311;0025900;4
00173;00410;0026000;4
00133;00331;0026100;4
00153;00054;0026200;4
00000;00508;0026300;4
00173;00000;0026400;4
00034;00271;0026500;4
00093;00074;0026600;4
00133;00311;0026700;4
00212;00153;0026800;4
00153;00153;0026900;4
00153;00192;0027000;4
00153;00113;0027100;4
00173;00252;0027200;4
00054;00000;0027300;4
00173;00133;0027400;4
00093;00074;0027500;4
00054;00291;0027600;4
00093;00192;0027700;4
00173;00153;0027800;4
00074;00331;0027900;4
00000;00469;0028000;4
00074;00212;0028100;4
00113;00000;0028200;4
00153;00232;0028300;4
00153;00291;0028400;4
00093;00113;0028500;4
00074;00350;0028600;4
00153;00410;0028700;4
00113;00271;0028800;4
00034;00331;0028900;4
00034;00000;0029000;4
00074;00271;0029100;4
00000;00252;0029200;4
00113;00291;0029300;4
00054;00429;0029400;4
00113;00192;0029500;4
00232;00192;0029600;4
00000;00331;0029700;4
00054;00133;0029800;4
00113;00173;0029900;4
00133;00271;0030000;4
00133;00568;0030100;4
00192;00093;0030200;4
00054;00093;0030300;4
00093;00271;0030400;4
00133;00000;0030500;4
00093;00000;0030600;4
00000;00000;0030700;4
00449;00093;0030800;4
00113;00350;0030900;4
00034;00074;0031000;4
00133;00528;0031100;4
00153;00074;0031200;4
00074;00232;0031300;4
00054;00252;0031400;4
00113;00331;0031500;4
00093;00291;0031600;4
00153;00232;0031700;4
00133;00390;0031800;4
00133;00232;0031900;4
00074;00370;0032000;4
00093;00173;0032100;4
00113;00232;0032200;4
00093;00074;0032300;4
00000;00000;0032400;4
02109;00469;0032500;4
00133;00093;0032600;4
00054;00113;0032700;4
00133;00311;0032800;4
00173;00000;0032900;4
00133;00014;0033000;4
00133;00390;0033100;4
00212;00331;0033200;4
00074;00000;0033300;4
00133;00000;0033400;4
00000;00904;0033500;4
00000;00252;0033600;4
00014;00271;0033700;4
00133;00252;0033800;4
00212;00093;0033900;4
00153;00093;0034000;4
00000;00449;0034100;4
00785;00212;0034200;4
00093;00054;0034300;4
00074;00291;0034400;4
00093;00390;0034500;4
00113;00291;0034600;4
00153;00252;0034700;4
00074;00153;0034800;4
00113;00093;0034900;4
00173;00074;0035000;4
00212;00000;0035100;4
00000;00271;0035200;4
00000;00133;0035300;4
00153;00074;0035400;4
00074;00568;0035500;4
00133;00173;0035600;4
00113;00000;0035700;4
00000;00746;0035800;4
00212;00192;0035900;4
00192;00350;0036000;4
00113;00350;0036100;4
00074;00192;0036200;4
00093;00034;0036300;4
00153;00034;0036400;4
00212;00429;0036500;4
00074;00133;0036600;4
00093;00054;0036700;4
00093;00000;0036800;4
00173;00410;0036900;4
00054;00232;0037000;4
00173;00133;0037100;4
00133;00192;0037200;4
00113;00212;0037300;4
00074;00173;0037400;4
00000;00825;0037500;4
00133;00271;0037600;4
00173;00331;0037700;4
00173;00113;0037800;4
00173;00410;0037900;4
00271;00291;0038000;4
00074;00074;0038100;4
00133;00469;0038200;4
00153;00232;0038300;4
00133;00000;0038400;4
00113;00000;0038500;4
00212;00113;0038600;4
00153;00093;0038700;4
00054;00291;0038800;4
00093;00410;0038900;4
00113;00311;0039000;4
00113;00390;0039100;4
00000;00785;0039200;4
00074;00113;0039300;4
00093;00133;0039400;4
00153;00034;0039500;4
00113;00331;0039600;4
00153;00133;0039700;4
00074;00133;0039800;4
00133;00173;0039900;4
00133;00133;0040000;4
00133;00113;0040100;4
00232;00000;0040200;4
00133;00311;0040300;4
00054;00034;0040400;4
00153;00370;0040500;4
00113;00390;0040600;4
00133;00291;0040700;4
00074;00093;0040800;4
00000;00232;0040900;4
00153;00133;0041000;4
00074;00054;0041100;4
00153;00390;0041200;4
00014;00232;0041300;4
00074;00034;0041400;4
00074;00331;0041500;4
00133;00153;0041600;4
00093;00000;0041700;4
00113;00113;0041800;4
00133;00000;0041900;4
00173;00133;0042000;4
00133;00232;0042100;4
00133;00034;0042200;4
00133;00469;0042300;4
00113;00074;0042400;4
00054;00054;0042500;4
00000;00173;0042600;4
00113;00212;0042700;4
00153;00173;0042800;4
00074;00331;0042900;4
00034;00469;0043000;4
00074;00271;0043100;4
00054;00000;0043200;4
00093;00252;0043300;4
00113;00133;0043400;4
00113;00000;0043500;4
00000;00000;0043600;4
01299;00014;0043700;4
00153;00113;0043800;4
00192;00014;0043900;4
00153;00271;0044000;4
00133;00153;0044100;4
00074;00232;0044200;4
00113;00232;0044300;4
00093;00449;0044400;4
00173;00311;0044500;4
00093;00000;0044600;4
00000;00528;0044700;4
00000;00390;0044800;4
00093;00271;0044900;4
00113;00271;0045000;4
00074;00331;0045100;4
00093;00311;0045200;4
00000;00000;0045300;4
01516;00153;0045400;4
00173;00034;0045500;4
00113;00113;0045600;4
00133;00291;0045700;4
00000;00133;0045800;4
00133;00000;0045900;4
00133;00449;0046000;4
00093;00350;0046100;4
00113;00054;0046200;4
00093;00000;0046300;4
00000;00390;0046400;4
00000;00311;0046500;4
00074;00000;0046600;4
00153;00331;0046700;4
00153;00252;0046800;4
00034;00054;0046900;4
00000;00331;0047000;4
00054;00173;0047100;4
00074;00370;0047200;4
00034;00113;0047300;4
00054;00311;0047400;4
00093;00034;0047500;4
00133;00074;0047600;4
00113;00390;0047700;4
00133;00074;0047800;4
00074;00173;0047900;4
00054;00000;0048000;4
00000;01674;0048100;4
00034;00093;0048200;4
00113;00000;0048300;4
00074;00232;0048400;4
00192;00093;0048500;4
00113;00000;0048600;4
00000;00410;0048700;4
00093;00173;0048800;4
00192;00153;0048900;4
00074;00074;0049000;4
00093;00291;0049100;4
00093;00212;0049200;4
00153;00212;0049300;4
00074;00271;0049400;4
00093;00252;0049500;4
00133;00153;0049600;4
00113;00000;0049700;4
00173;00034;0049800;4
00133;00034;0049900;4
00113;00410;0050000;4
00074;00212;0050100;4
00133;00113;0050200;4
00153;00054;0050300;4
00000;00311;0050400;4
00093;00173;0050500;4
00133;00093;0050600;4
00133;00271;0050700;4
00173;00390;0050800;4
00153;00153;0050900;4
00133;00074;0051000;4
00153;00370;0051100;4
00192;00173;0051200;4
00093;00133;0051300;4
00153;00000;0051400;4
00212;00153;0051500;4
00093;00291;0051600;4
00113;00173;0051700;4
00212;00331;0051800;4
00133;00232;0051900;4
00350;00370;0052000;4
00000;00449;0052100;4
00054;00133;0052200;4
00054;00173;0052300;4
00074;00054;0052400;4
00054;00587;0052500;4
00054;00034;0052600;4
00192;00173;0052700;4
00153;00192;0052800;4
00113;00311;0052900;4
00173;00133;0053000;4
00074;00000;0053100;4
00000;00192;0053200;4
00173;00370;0053300;4
00074;00000;0053400;4
00212;00429;0053500;4
00212;00232;0053600;4
00192;00034;0053700;4
00000;00469;0053800;4
00153;00331;0053900;4
00133;00000;0054000;4
00133;00212;0054100;4
00113;00410;0054200;4
00173;00074;0054300;4
00133;00232;0054400;4
00153;00429;0054500;4
00153;00331;0054600;4
00113;00429;0054700;4
00000;00000;0054800;4
02208;00587;0054900;4
00271;00350;0055000;4
00074;00054;0055100;4
00153;00350;0055200;4
00093;00173;0055300;4
00113;00113;0055400;4
00000;00390;0055500;4
00113;00331;0055600;4
00093;00153;0055700;4
00133;00093;0055800;4
00212;00390;0055900;4
00153;00034;0056000;4
00093;00113;0056100;4
00192;00350;0056200;4
00192;00252;0056300;4
00093;00074;0056400;4
00000;00000;0056500;4
01694;00271;0056600;4
00192;00113;0056700;4
00212;00054;0056800;4
00074;00429;0056900;4
00173;00232;0057000;4
00153;00311;0057100;4
00133;00252;0057200;4
00133;00291;0057300;4
00113;00271;0057400;4
00133;00000;0057500;4
00000;01121;0057600;4
00000;00000;0057700;4
00192;00000;0057800;4
00212;00489;0057900;4
00133;00074;0058000;4
00093;00074;0058100;4
00000;00000;0058200;4
02326;00410;0058300;4
00153;00173;0058400;4
00034;00291;0058500;4
00093;00429;0058600;4
00133;00153;0058700;4
00133;00014;0058800;4
00133;00449;0058900;4
00212;00153;0059000;4
00034;00054;0059100;4
00133;00000;0059200;4
00000;00449;0059300;4
00000;00113;0059400;4
00074;00034;0059500;4
00192;00232;0059600;4
00133;00093;0059700;4
00133;00192;0059800;4
00000;00489;0059900;4
00153;00370;0060000;4
00173;00311;0060100;4
00113;00054;0060200;4
00133;00153;0060300;4
00074;00034;0060400;4
00093;00093;0060500;4
00054;00548;0060600;4
00133;00271;0060700;4
00000;00133;0060800;4
00153;00000;0060900;4
00000;00350;0061000;4
00000;00000;0061100;4
00093;00074;0061200;4
00192;00232;0061300;4
00074;00350;0061400;4
00074;00429;0061500;4
00000;02425;0061600;4
01200;00173;0061700;4
00074;00133;0061800;4
00192;00232;0061900;4
00153;00212;0062000;4
00173;00252;0062100;4
00173;00390;0062200;4
00074;00133;0062300;4
00054;00410;0062400;4
00232;00291;0062500;4
00133;00000;0062600;4
00074;00291;0062700;4
00054;00173;0062800;4
00034;00311;0062900;4
00232;00350;0063000;4
00133;00133;0063100;4
00133;00014;0063200;4
00000;00528;0063300;4
00133;00093;0063400;4
00093;00291;0063500;4
00153;00054;0063600;4
00212;00548;0063700;4
00133;00153;0063800;4
00034;00034;0063900;4
00034;00232;0064000;4
00034;00192;0064100;4
00093;00173;0064200;4
00133;00000;0064300;4
00113;00370;0064400;4
00192;00232;0064500;4
00212;00252;0064600;4
00093;00370;0064700;4
00173;00232;0064800;4
00074;00331;0064900;4
00000;00449;0065000;4
00192;00212;0065100;4
00074;00014;0065200;4
00074;00074;0065300;4
00034;00331;0065400;4
00074;00054;0065500;4
00133;00034;0065600;4
00034;00252;0065700;4
00074;00133;0065800;4
00074;00000;0065900;4
00000;00000;0066000;4
02247;00489;0066100;4
00232;00291;0066200;4
00133;00311;0066300;4
00133;00232;0066400;4
00093;00192;0066500;4
00054;00074;0066600;4
00000;00291;0066700;4
00192;00192;0066800;4
00113;00173;0066900;4
00113;00232;0067000;4
00153;00390;0067100;4
00133;00410;0067200;4
00054;00350;0067300;4
00133;00469;0067400;4
00173;00252;0067500;4
00192;00350;0067600;4
00000;00000;0067700;4
00864;00192;0067800;4
00054;00133;0067900;4
00153;00000;0068000;4
00093;00232;0068100;4
00074;00232;0068200;4
00113;00034;0068300;4
00074;00370;0068400;4
00093;00153;0068500;4
00113;00113;0068600;4
00133;00000;0068700;4
00000;01338;0068800;4
00000;00291;0068900;4
00074;00173;0069000;4
00192;00410;0069100;4
00133;00074;0069200;4
00113;00331;0069300;4
00000;00000;0069400;4
01081;00252;0069500;4
00074;00000;0069600;4
00113;00014;0069700;4
00173;00528;0069800;4
00133;00173;0069900;4
00153;00192;0070000;4
00153;00370;0070100;4
00074;00000;0070200;4
00074;00034;0070300;4
00074;00000;0070400;4
00000;01081;0070500;4
00000;00133;0070600;4
00074;00093;0070700;4
00153;00410;0070800;4
00093;00074;0070900;4
00173;00034;0071000;4
00000;00528;0071100;4
00133;00350;0071200;4
00014;00113;0071300;4
00133;00173;0071400;4
00153;00449;0071500;4
00054;00271;0071600;4
00133;00350;0071700;4
00074;00291;0071800;4
00054;00113;0071900;4
00074;00000;0072000;4
00093;00000;0072100;4
00000;00864;0072200;4
00000;00113;0072300;4
00014;00173;0072400;4
00133;00429;0072500;4
00173;00291;0072600;4
00153;00212;0072700;4
00000;00765;0072800;4
00173;00252;0072900;4
00074;00311;0073000;4
00113;00000;0073100;4
00192;00587;0073200;4
00113;00370;0073300;4
00074;00000;0073400;4
00054;00548;0073500;4
00133;00331;0073600;4
00113;00054;0073700;4
00133;00000;0073800;4
00113;00271;0073900;4
00113;00350;0074000;4
00153;00331;0074100;4
00000;00311;0074200;4
00054;00093;0074300;4
00093;00173;0074400;4
00000;01694;0074500;4
00449;00093;0074600;4
00212;00113;0074700;4
00173;00212;0074800;4
00153;00489;0074900;4
00133;00271;0075000;4
00113;00153;0075100;4
00113;00252;0075200;4
00133;00429;0075300;4
00034;00232;0075400;4
00133;00000;0075500;4
00133;00192;0075600;4
00014;00014;0075700;4
00034;00074;0075800;4
00252;00508;0075900;4
00093;00074;0076000;4
00153;00000;0076100;4
00000;00449;0076200;4
00113;00153;0076300;4
00133;00232;0076400;4
00093;00014;0076500;4
00153;00331;0076600;4
00113;00054;0076700;4
00054;00173;0076800;4
00113;00252;0076900;4
00153;00074;0077000;4
00113;00074;0077100;4
00133;00000;0077200;4
00133;00113;0077300;4
00093;00370;0077400;4
00133;00192;0077500;4
00113;00212;0077600;4
00074;00311;0077700;4
00054;00113;0077800;4
00000;00390;0077900;4
00093;00093;0078000;4
00113;00074;0078100;4
00173;00271;0078200;4
00054;00153;0078300;4
00133;00173;0078400;4
00133;00212;0078500;4
00133;00666;0078600;4
00054;00370;0078700;4
00014;00054;0078800;4
00000;00000;0078900;4
02267;00568;0079000;4
00232;00410;0079100;4
00113;00212;0079200;4
00074;00291;0079300;4
00113;00212;0079400;4
00113;00000;0079500;4
00153;00252;0079600;4
00173;00410;0079700;4
00133;00370;0079800;4
00093;00173;0079900;4
00153;00331;0080000;4
00212;00291;0080100;4
00173;00113;0080200;4
00093;00331;0080300;4
00074;00074;0080400;4
00113;00133;0080500;4
00000;00000;0080600;4
01556;00173;0080700;4
00153;00133;0080800;4
00173;00074;0080900;4
00192;00528;0081000;4
00173;00153;0081100;4
00054;00054;0081200;4
00054;00311;0081300;4
00173;00034;0081400;4
00113;00014;0081500;4
00153;00000;0081600;4
00000;00429;0081700;4
00000;00113;0081800;4
00153;00054;0081900;4
00153;00311;0082000;4
00093;00153;0082100;4
00133;00311;0082200;4
00000;01417;0082300;4
00192;00093;0082400;4
00093;00093;0082500;4
00034;00153;0082600;4
00133;00212;0082700;4
00212;00014;0082800;4
00133;00173;0082900;4
00074;00232;0083000;4
00113;00000;0083100;4
00133;00173;0083200;4
00133;00000;0083300;4
00000;00587;0083400;4
00000;00054;0083500;4
00113;00000;0083600;4
00113;00113;0083700;4
00252;00000;0083800;4
00074;00000;0083900;4
00000;00666;0084000;4
00133;00034;0084100;4
00133;00291;0084200;4
00133;00370;0084300;4
00173;00410;0084400;4
00113;00212;0084500;4
00232;00311;0084600;4
00133;00192;0084700;4
00113;00390;0084800;4
00173;00252;0084900;4
00113;00000;0085000;4
00173;00350;0085100;4
00133;00113;0085200;4
00153;00074;0085300;4
00093;00133;0085400;4
00093;00074;0085500;4
00113;00093;0085600;4
00000;00232;0085700;4
00133;00054;0085800;4
00113;00093;0085900;4
00093;00331;0086000;4
00133;00291;0086100;4
00173;00054;0086200;4
00173;00000;0086300;4
00054;00192;0086400;4
00113;00014;0086500;4
00133;00000;0086600;4
00113;00000;0086700;4
00113;00133;0086800;4
00192;00271;0086900;4
00192;00054;0087000;4
00034;00232;0087100;4
00054;00212;0087200;4
00113;00350;0087300;4
00000;00173;0087400;4
00093;00192;0087500;4
00133;00000;0087600;4
00133;00153;0087700;4
00074;00192;0087800;4
00093;00113;0087900;4
00093;00271;0088000;4
00153;00153;0088100;4
00133;00000;0088200;4
00093;00252;0088300;4
00014;00000;0088400;4
00093;00192;0088500;4
00173;00113;0088600;4
00093;00093;0088700;4
00074;00449;0088800;4
00192;00133;0088900;4
00153;00074;0089000;4
00000;00370;0089100;4
00113;00410;0089200;4
00113;00000;0089300;4
00093;00311;0089400;4
00133;00350;0089500;4
00113;00370;0089600;4
00173;00291;0089700;4
00212;00153;0089800;4
00113;00074;0089900;4
00113;00192;0090000;4
00000;00000;0090100;4
00825;00212;0090200;4
00074;00034;0090300;4
00093;00133;0090400;4
00133;00508;0090500;4
00054;00093;0090600;4
00093;00014;0090700;4
00000;00212;0090800;4
00153;00133;0090900;4
00173;00212;0091000;4
00133;00271;0091100;4
00133;00489;0091200;4
00133;00113;0091300;4
00074;00173;0091400;4
00054;00489;0091500;4
00093;00133;0091600;4
00133;00093;0091700;4
00000;00000;0091800;4
02484;00666;0091900;4
00173;00311;0092000;4
00153;00173;0092100;4
00093;00429;0092200;4
00093;00133;0092300;4
00093;00093;0092400;4
00153;00232;0092500;4
00153;00212;0092600;4
00054;00153;0092700;4
00173;00000;0092800;4
00000;00489;0092900;4
00000;00093;0093000;4
00133;00173;0093100;4
00054;00429;0093200;4
00173;00173;0093300;4
00034;00000;0093400;4
00000;00000;0093500;4
01042;00311;0093600;4
00093;00074;0093700;4
00093;00014;0093800;4
00173;00568;0093900;4
00212;00133;0094000;4
00093;00133;0094100;4
00212;00449;0094200;4
00093;00350;0094300;4
00074;00153;0094400;4
00113;00000;0094500;4
00000;01259;0094600;4
00000;00074;0094700;4
00093;00390;0094800;4
00153;00508;0094900;4
00133;00271;0095000;4
00232;00133;0095100;4
00000;00508;0095200;4
00133;00113;0095300;4
00093;00054;0095400;4
00074;00093;0095500;4
00153;00706;0095600;4
00153;00410;0095700;4
00074;00054;0095800;4
00054;00548;0095900;4
00133;00390;0096000;4
00093;00054;0096100;4
00133;00000;0096200;4
00000;00548;0096300;4
00000;00074;0096400;4
00074;00350;0096500;4
00192;00410;0096600;4
00153;00370;0096700;4
00173;00074;0096800;4
00000;00746;0096900;4
00153;00271;0097000;4
00054;00252;0097100;4
00093;00192;0097200;4
00113;00232;0097300;4
00093;00212;0097400;4
00054;00074;0097500;4
00074;00291;0097600;4
00133;00410;0097700;4
00054;00331;0097800;4
00133;00000;0097900;4
00173;00271;0098000;4
00034;00192;0098100;4
00133;00074;0098200;4
00113;00390;0098300;4
00093;00291;0098400;4
00093;00429;0098500;4
00000;00469;0098600;4
00153;00133;0098700;4
00074;00271;0098800;4
00133;00093;0098900;4
00192;00469;0099000;4
00113;00133;0099100;4
00133;00034;0099200;4
00054;00390;0099300;4
00173;00074;0099400;4
00093;00093;0099500;4
00113;00000;0099600;4
00133;00113;0099700;4
00113;00212;0099800;4
00173;00113;0099900;4
00133;00173;0100000;4
00113;00212;0100100;4
00232;00271;0100200;4
00000;00212;0100300;4
00093;00232;0100400;4
00113;00311;0100500;4
00093;00074;0100600;4
00173;00370;0100700;4
00093;00232;0100800;4
00192;00212;0100900;4
00252;00489;0101000;4
00153;00054;0101100;4
00232;00311;0101200;4
00173;00000;0101300;4
00153;00133;0101400;4
00054;00000;0101500;4
00173;00014;0101600;4
00153;00508;0101700;4
00093;00000;0101800;4
00093;00232;0101900;4
00000;00291;0102000;4
00093;00410;0102100;4
00113;00311;0102200;4
00074;00074;0102300;4
00173;00410;0102400;4
00113;00133;0102500;4
00034;00173;0102600;4
00054;00291;0102700;4
00192;00252;0102800;4
00192;00153;0102900;4
00000;00000;0103000;4
00410;00311;0103100;4
00173;00113;0103200;4
00054;00054;0103300;4
00153;00192;0103400;4
00133;00212;0103500;4
00054;00192;0103600;4
00074;00232;0103700;4
00232;00212;0103800;4
00093;00093;0103900;4
00232;00034;0104000;4
00000;00390;0104100;4
00000;00271;0104200;4
00133;00390;0104300;4
00000;00133;0104400;4
00153;00133;0104500;4
00113;00000;0104600;4
00000;00000;0104700;4
01417;00173;0104800;4
00133;00192;0104900;4
00133;00054;0105000;4
00133;00291;0105100;4
00113;00232;0105200;4
00113;00350;0105300;4
00113;00173;0105400;4
00153;00074;0105500;4
00093;00192;0105600;4
00133;00000;0105700;4
00000;00370;0105800;4
00000;00113;0105900;4
00153;00370;0106000;4
00153;00548;0106100;4
00173;00034;0106200;4
00173;00054;0106300;4
00000;00587;0106400;4
01595;00390;0106500;4
00291;00192;0106600;4
00153;00153;0106700;4
00192;00390;0106800;4
00034;00232;0106900;4
00133;00390;0107000;4
00054;00429;0107100;4
00173;00153;0107200;4
00034;00153;0107300;4
00054;00000;0107400;4
00000;01141;0107500;4
00000;00291;0107600;4
00093;00331;0107700;4
00133;00370;0107800;4
00093;00350;0107900;4
00054;00271;0108000;4
00000;00331;0108100;4
00133;00311;0108200;4
00212;00291;0108300;4
00074;00014;0108400;4
00153;00548;0108500;4
00192;00390;0108600;4
00153;00074;0108700;4
00192;00271;0108800;4
00133;00054;0108900;4
00133;00054;0109000;4
00093;00000;0109100;4
00212;00271;0109200;4
00133;00113;0109300;4
00153;00252;0109400;4
00212;00568;0109500;4
00054;00212;0109600;4
00252;00331;0109700;4
00000;00291;0109800;4
00153;00113;0109900;4
00133;00232;0110000;4
00093;00153;0110100;4
00192;00410;0110200;4
00133;00074;0110300;4
00054;00133;0110400;4
00192;00271;0110500;4
00093;00113;0110600;4
00034;00093;0110700;4
00074;00000;0110800;4
00113;00192;0110900;4
00113;00093;0111000;4
00074;00000;0111100;4
00074;00291;0111200;4
00133;00192;0111300;4
00014;00000;0111400;4
00000;00331;0111500;4
00153;00331;0111600;4
00153;00054;0111700;4
00153;00311;0111800;4
00113;00469;0111900;4
00153;00370;0112000;4
00173;00350;0112100;4
00093;00232;0112200;4
00054;00429;0112300;4
00093;00350;0112400;4
00133;00000;0112500;4
00153;00350;0112600;4
00093;00133;0112700;4
00133;00113;0112800;4
00113;00350;0112900;4
00133;00271;0113000;4
00054;00350;0113100;4
00000;00212;0113200;4
00074;00370;0113300;4
00074;00252;0113400;4
00093;00331;0113500;4
00271;00568;0113600;4
00054;00093;0113700;4
00054;00000;0113800;4
00232;00429;0113900;4
00153;00271;0114000;4
00074;00034;0114100;4
00153;00000;0114200;4
00133;00014;0114300;4
00054;00093;0114400;4
00173;00271;0114500;4
00054;00331;0114600;4
00000;00113;0114700;4
00153;00133;0114800;4
00000;00252;0114900;4
00173;00093;0115000;4
00054;00113;0115100;4
00093;00252;0115200;4
00093;00232;0115300;4
00153;00173;0115400;4
00153;00232;0115500;4
00054;00153;0115600;4
00133;00173;0115700;4
00093;00093;0115800;4
00000;00000;0115900;4
00489;00311;0116000;4
00133;00113;0116100;4
00074;00054;0116200;4
00034;00331;0116300;4
00113;00192;0116400;4
00093;00000;0116500;4
00153;00469;0116600;4
00093;00350;0116700;4
00133;00133;0116800;4
00173;00000;0116900;4
00000;00864;0117000;4
00000;00291;0117100;4
00153;00133;0117200;4
00113;00370;0117300;4
00074;00212;0117400;4
00093;00113;0117500;4
00000;00000;0117600;4
01022;00000;0117700;4
00173;00133;0117800;4
00133;00054;0117900;4
00074;00212;0118000;4
00113;00192;0118100;4
00153;00153;0118200;4
00173;00587;0118300;4
00133;00212;0118400;4
00153;00173;0118500;4
00093;00000;0118600;4
00000;00528;0118700;4
00054;00173;0118800;4
00113;00252;0118900;4
00113;00331;0119000;4
00054;00271;0119100;4
00133;00093;0119200;4
00000;00173;0119300;4
00548;00311;0119400;4
00113;00192;0119500;4
00093;00113;0119600;4
00192;00271;0119700;4
00093;00133;0119800;4
00093;00074;0119900;4
00133;00173;0120000;4
00153;00054;0120100;4
00014;00074;0120200;4
00074;00000;0120300;4
00000;00054;0120400;4
00000;00153;0120500;4
00133;00350;0120600;4
00093;00331;0120700;4
00153;00271;0120800;4
00074;00291;0120900;4
00000;00489;0121000;4
00252;00192;0121100;4
00074;00133;0121200;4
00173;00113;0121300;4
00113;00173;0121400;4
00212;00054;0121500;4
00133;00074;0121600;4
00093;00252;0121700;4
00093;00054;0121800;4
00133;00000;0121900;4
00113;00000;0122000;4
00153;00232;0122100;4
00133;00271;0122200;4
00173;00311;0122300;4
00212;00429;0122400;4
00074;00311;0122500;4
00173;00252;0122600;4
00000;00232;0122700;4
00192;00113;0122800;4
00113;00153;0122900;4
00133;00054;0123000;4
00153;00370;0123100;4
00093;00410;0123200;4
00074;00054;0123300;4
00113;00291;0123400;4
00113;00113;0123500;4
00014;00034;0123600;4
00054;00000;0123700;4
00133;00133;0123800;4
00153;00133;0123900;4
00113;00074;0124000;4
00153;00232;0124100;4
00093;00291;0124200;4
00074;00034;0124300;4
00000;00133;0124400;4
00252;00291;0124500;4
00054;00311;0124600;4
00074;00350;0124700;4
00133;00331;0124800;4
00192;00311;0124900;4
00113;00370;0125000;4
00074;00192;0125100;4
00113;00113;0125200;4
00192;00074;0125300;4
00133;00000;0125400;4
00173;00093;0125500;4
00093;00113;0125600;4
00173;00074;0125700;4
00173;00350;0125800;4
00093;00153;0125900;4
00133;00000;0126000;4
00000;00587;0126100;4
00153;00311;0126200;4
00074;00054;0126300;4
00153;00113;0126400;4
00271;00350;0126500;4
00034;00113;0126600;4
00054;00054;0126700;4
00153;00370;0126800;4
00054;00212;0126900;4
00093;00074;0127000;4
00093;00000;0127100;4
00014;00000;0127200;4
00074;00074;0127300;4
00014;00173;0127400;4
00173;00449;0127500;4
00113;00370;0127600;4
00192;00252;0127700;4
00000;00173;0127800;4
00153;00390;0127900;4
00212;00133;0128000;4
00232;00252;0128100;4
00153;00627;0128200;4
00074;00014;0128300;4
00173;00054;0128400;4
00113;00370;0128500;4
00093;00054;0128600;4
00054;00093;0128700;4
00000;00000;0128800;4
00627;00093;0128900;4
00074;00093;0129000;4
00133;00000;0129100;4
00153;00528;0129200;4
00133;00291;0129300;4
00093;00000;0129400;4
00192;00726;0129500;4
00153;00390;0129600;4
00000;00074;0129700;4
00113;00000;0129800;4
00000;00647;0129900;4
00000;00311;0130000;4
00153;00133;0130100;4
00074;00331;0130200;4
00133;00074;0130300;4
00192;00113;0130400;4
00000;00093;0130500;4
01931;00548;0130600;4
00232;00370;0130700;4
00034;00000;0130800;4
00113;00429;0130900;4
00232;00232;0131000;4
00093;00000;0131100;4
00153;00528;0131200;4
00133;00232;0131300;4
00113;00000;0131400;4
00093;00000;0131500;4
00000;01101;0131600;4
00000;00034;0131700;4
00074;00093;0131800;4
00192;00370;0131900;4
00113;00074;0132000;4
00153;00034;0132100;4
00000;00212;0132200;4
02148;00410;0132300;4
00113;00173;0132400;4
00133;00271;0132500;4
00093;00252;0132600;4
00113;00074;0132700;4
00212;00212;0132800;4
00133;00173;0132900;4
00173;00133;0133000;4
00173;00054;0133100;4
00212;00000;0133200;4
00000;00449;0133300;4
00000;00074;0133400;4
00074;00390;0133500;4
00192;00350;0133600;4
00133;00390;0133700;4
00113;00000;0133800;4
00000;00568;0133900;4
00153;00153;0134000;4
00192;00271;0134100;4
00173;00232;0134200;4
00252;00429;0134300;4
00133;00074;0134400;4
00133;00173;0134500;4
00093;00153;0134600;4
00133;00173;0134700;4
00014;00212;0134800;4
00054;00000;0134900;4
00014;00192;0135000;4
00093;00113;0135100;4
00093;00370;0135200;4
00074;00133;0135300;4
00133;00192;0135400;4
00212;00291;0135500;4
00000;00311;0135600;4
00153;00212;0135700;4
00093;00113;0135800;4
00074;00331;0135900;4
00074;00746;0136000;4
00192;00153;0136100;4
00113;00093;0136200;4
00153;00370;0136300;4
00074;00113;0136400;4
00153;00000;0136500;4
00133;00000;0136600;4
00133;00173;0136700;4
00074;00133;0136800;4
00093;00212;0136900;4
00173;00410;0137000;4
00074;00350;0137100;4
00034;00133;0137200;4
00000;00508;0137300;4
00192;00014;0137400;4
00093;00350;0137500;4
00034;00054;0137600;4
00113;00370;0137700;4
00153;00113;0137800;4
00074;00153;0137900;4
00054;00311;0138000;4
00113;00074;0138100;4
00054;00133;0138200;4
00133;00000;0138300;4
00054;00014;0138400;4
00034;00074;0138500;4
00133;00271;0138600;4
00153;00271;0138700;4
00113;00271;0138800;4
00093;00370;0138900;4
00000;00864;0139000;4
00074;00311;0139100;4
00074;00153;0139200;4
00093;00370;0139300;4
00093;00350;0139400;4
00153;00212;0139500;4
00093;00034;0139600;4
00212;00844;0139700;4
00113;00074;0139800;4
00074;00113;0139900;4
00054;00000;0140000;4
00093;00271;0140100;4
00153;00014;0140200;4
00133;00014;0140300;4
00212;00370;0140400;4
00133;00212;0140500;4
00034;00054;0140600;4
00000;00489;0140700;4
00113;00153;0140800;4
00113;00014;0140900;4
00153;00113;0141000;4
00133;00271;0141100;4
00113;00212;0141200;4
00133;00054;0141300;4
00093;00410;0141400;4
00153;00173;0141500;4
00093;00000;0141600;4
00000;00000;0141700;4
01635;00212;0141800;4
00133;00271;0141900;4
00054;00034;0142000;4
00133;00390;0142100;4
00074;00311;0142200;4
00133;00173;0142300;4
00192;00133;0142400;4
00232;00054;0142500;4
00113;00000;0142600;4
00113;00000;0142700;4
00000;00410;0142800;4
00000;00232;0142900;4
00173;00074;0143000;4
00113;00291;0143100;4
00093;00252;0143200;4
00153;00232;0143300;4
00000;00054;0143400;4
01299;00232;0143500;4
00153;00350;0143600;4
00113;00034;0143700;4
00232;00212;0143800;4
00093;00113;0143900;4
00133;00173;0144000;4
00093;00331;0144100;4
00074;00252;0144200;4
00113;00054;0144300;4
00133;00000;0144400;4
00000;01318;0144500;4
00000;00232;0144600;4
00133;00212;0144700;4
00133;00311;0144800;4
00192;00271;0144900;4
00153;00192;0145000;4
00000;00074;0145100;4
00390;00192;0145200;4
00054;00232;0145300;4
00054;00000;0145400;4
00133;00271;0145500;4
00093;00034;0145600;4
00093;00133;0145700;4
00153;00350;0145800;4
00133;00311;0145900;4
00054;00153;0146000;4
00113;00000;0146100;4
00000;01358;0146200;4
00034;00350;0146300;4
00000;00093;0146400;4
00252;00291;0146500;4
00153;00350;0146600;4
00054;00034;0146700;4
00000;00469;0146800;4
00133;00410;0146900;4
00133;00311;0147000;4
00113;00232;0147100;4
00113;00370;0147200;4
00034;00093;0147300;4
00093;00054;0147400;4
00192;00192;0147500;4
00113;00113;0147600;4
00093;00054;0147700;4
00133;00000;0147800;4
00153;00410;0147900;4
00034;00034;0148000;4
00133;00034;0148100;4
00093;00212;0148200;4
00074;00093;0148300;4
00113;00153;0148400;4
00000;00844;0148500;4
00173;00252;0148600;4
00054;00410;0148700;4
00093;00034;0148800;4
00153;00291;0148900;4
00173;00192;0149000;4
00034;00093;0149100;4
00113;00587;0149200;4
00212;00311;0149300;4
00000;00093;0149400;4
00212;00000;0149500;4
00212;00173;0149600;4
00173;00113;0149700;4
00113;00232;0149800;4
00113;00370;0149900;4
00113;00252;0150000;4
00093;00370;0150100;4
00000;00192;0150200;4
00074;00192;0150300;4
00113;00331;0150400;4
00074;00232;0150500;4
00173;00370;0150600;4
00113;00113;0150700;4
00153;00153;0150800;4
00133;00390;0150900;4
00133;00291;0151000;4
00133;00252;0151100;4
00034;00000;0151200;4
00173;00113;0151300;4
00173;00173;0151400;4
00093;00113;0151500;4
00192;00350;0151600;4
00212;00232;0151700;4
00113;00034;0151800;4
00000;00232;0151900;4
00113;00192;0152000;4
00093;00000;0152100;4
00074;00390;0152200;4
00133;00291;0152300;4
00034;00093;0152400;4
00074;00331;0152500;4
00113;00271;0152600;4
00093;00133;0152700;4
00113;00113;0152800;4
00000;00000;0152900;4
01062;00291;0153000;4
00153;00252;0153100;4
00054;00074;0153200;4
00133;00489;0153300;4
00113;00093;0153400;4
00173;00034;0153500;4
00000;00469;0153600;4
00133;00074;0153700;4
00093;00113;0153800;4
00093;00331;0153900;4
00173;00429;0154000;4
00153;00173;0154100;4
00074;00000;0154200;4
00153;00350;0154300;4
00153;00192;0154400;4
00133;00054;0154500;4
00000;00000;0154600;4
00884;00133;0154700;4
00113;00133;0154800;4
00252;00093;0154900;4
00093;00390;0155000;4
00093;00311;0155100;4
00133;00291;0155200;4
00133;00252;0155300;4
00074;00173;0155400;4
00192;00291;0155500;4
00192;00000;0155600;4
00000;00825;0155700;4
00000;00093;0155800;4
00192;00331;0155900;4
00113;00192;0156000;4
00074;00093;0156100;4
00034;00133;0156200;4
00000;00000;0156300;4
00923;00054;0156400;4
00074;00153;0156500;4
00034;00331;0156600;4
00212;00113;0156700;4
00054;00271;0156800;4
00054;00093;0156900;4
00093;00410;0157000;4
00153;00291;0157100;4
00034;00153;0157200;4
00074;00000;0157300;4
00000;00884;0157400;4
00000;00331;0157500;4
00113;00014;0157600;4
00074;00350;0157700;4
00093;00054;0157800;4
00034;00192;0157900;4
00000;00923;0158000;4
00192;00133;0158100;4
00291;00232;0158200;4
00093;00133;0158300;4
00173;00390;0158400;4
00133;00093;0158500;4
00074;00093;0158600;4
00093;00212;0158700;4
00113;00074;0158800;4
00074;00133;0158900;4
00093;00000;0159000;4
00000;00904;0159100;4
00000;00252;0159200;4
00133;00000;0159300;4
00074;00212;0159400;4
00113;00054;0159500;4
00113;00034;0159600;4
00000;02247;0159700;4
01951;01378;0159800;4
00252;00232;0159900;4
00153;00113;0160000;4
00153;00390;0160100;4
00153;00232;0160200;4
00192;00291;0160300;4
00034;00173;0160400;4
00113;00232;0160500;4
00133;00153;0160600;4
00173;00000;0160700;4
00232;00074;0160800;4
00093;00014;0160900;4
00074;00390;0161000;4
00034;00528;0161100;4
00093;00331;0161200;4
00054;00153;0161300;4
00000;00627;0161400;4
00074;00350;0161500;4
00034;00133;0161600;4
00252;00054;0161700;4
00113;00370;0161800;4
00113;00113;0161900;4
00153;00000;0162000;4
00153;00410;0162100;4
00113;00192;0162200;4
00153;00133;0162300;4
00074;00000;0162400;4
00192;00331;0162500;4
00192;00192;0162600;4
00054;00153;0162700;4
00133;00350;0162800;4
00192;00311;0162900;4
00252;00331;0163000;4
00000;00489;0163100;4
00133;00074;0163200;4
00074;00034;0163300;4
00054;00000;0163400;4
00133;00469;0163500;4
00192;00054;0163600;4
00113;00113;0163700;4
00113;00291;0163800;4
00173;00173;0163900;4
00133;00350;0164000;4
00133;00000;0164100;4
00192;00271;0164200;4
00173;00311;0164300;4
00000;00153;0164400;4
00133;00449;0164500;4
00153;00390;0164600;4
00133;00153;0164700;4
00000;00568;0164800;4
00074;00153;0164900;4
00093;00014;0165000;4
00192;00113;0165100;4
00153;00489;0165200;4
00093;00093;0165300;4
00054;00192;0165400;4
00054;00390;0165500;4
00054;00212;0165600;4
00093;00390;0165700;4
00000;00000;0165800;4
00864;00252;0165900;4
00173;00252;0166000;4
00000;00133;0166100;4
00271;00311;0166200;4
00153;00232;0166300;4
00113;00054;0166400;4
00113;00271;0166500;4
00153;00370;0166600;4
00133;00034;0166700;4
00054;00192;0166800;4
00014;00311;0166900;4
00034;00173;0167000;4
00173;00232;0167100;4
00212;00429;0167200;4
00074;00212;0167300;4
00014;00000;0167400;4
00000;00000;0167500;4
02366;00528;0167600;4
00153;00133;0167700;4
00133;00113;0167800;4
00093;00331;0167900;4
00153;00291;0168000;4
00074;00331;0168100;4
00054;00192;0168200;4
00192;00212;0168300;4
00074;00350;0168400;4
00133;00000;0168500;4
00000;01042;0168600;4
00000;00074;0168700;4
00093;00074;0168800;4
00212;00410;0168900;4
00133;00093;0169000;4
00074;00074;0169100;4
00000;00311;0169200;4
00232;00093;0169300;4
00113;00054;0169400;4
00153;00192;0169500;4
00212;00449;0169600;4
00054;00370;0169700;4
00074;00113;0169800;4
00173;00726;0169900;4
00153;00390;0170000;4
00113;00014;0170100;4
00113;00000;0170200;4
00000;01042;0170300;4
00000;00054;0170400;4
00153;00212;0170500;4
00074;00311;0170600;4
00093;00173;0170700;4
00054;00074;0170800;4
00000;01536;0170900;4
00192;00232;0171000;4
00212;00350;0171100;4
00133;00034;0171200;4
00133;00311;0171300;4
00074;00054;0171400;4
00093;00000;0171500;4
00212;00311;0171600;4
00212;00232;0171700;4
00113;00034;0171800;4
00153;00000;0171900;4
00291;00291;0172000;4
00014;00291;0172100;4
00173;00014;0172200;4
00153;00785;0172300;4
00074;00093;0172400;4
00014;00000;0172500;4
00000;00153;0172600;4
00133;00153;0172700;4
00054;00291;0172800;4
00133;00133;0172900;4
00054;00291;0173000;4
00153;00093;0173100;4
00133;00014;0173200;4
00093;00390;0173300;4
00074;00331;0173400;4
00074;00014;0173500;4
00034;00000;0173600;4
00113;00074;0173700;4
00113;00232;0173800;4
00093;00350;0173900;4
00014;00528;0174000;4
00074;00133;0174100;4
00054;00014;0174200;4
00000;01299;0174300;4
00192;00074;0174400;4
00173;00311;0174500;4
00054;00074;0174600;4
00113;00252;0174700;4
00093;00133;0174800;4
00054;00014;0174900;4
00232;00331;0175000;4
00093;00370;0175100;4
00153;00034;0175200;4
00113;00000;0175300;4
00192;00000;0175400;4
00014;00291;0175500;4
00093;00093;0175600;4
00133;00370;0175700;4
00133;00192;0175800;4
00113;00074;0175900;4
00000;00469;0176000;4
00054;00232;0176100;4
00054;00074;0176200;4
00133;00133;0176300;4
00113;00252;0176400;4
00113;00074;0176500;4
00093;00390;0176600;4
00093;00331;0176700;4
00074;00350;0176800;4
00034;00331;0176900;4
00000;00000;0177000;4
00904;00291;0177100;4
00173;00311;0177200;4
00054;00311;0177300;4
00212;00489;0177400;4
00113;00232;0177500;4
00192;00252;0177600;4
00000;00192;0177700;4
00192;00252;0177800;4
00054;00212;0177900;4
00074;00173;0178000;4
00192;00291;0178100;4
00074;00252;0178200;4
00074;00153;0178300;4
00074;00153;0178400;4
00113;00133;0178500;4
00093;00093;0178600;4
00000;00000;0178700;4
00686;00093;0178800;4
00093;00173;0178900;4
00093;00331;0179000;4
00113;00548;0179100;4
00113;00113;0179200;4
00133;00000;0179300;4
00034;00271;0179400;4
00074;00034;0179500;4
00153;00133;0179600;4
00133;00000;0179700;4
00000;00785;0179800;4
00000;00350;0179900;4
00173;00093;0180000;4
00192;00291;0180100;4
00133;00212;0180200;4
00113;00390;0180300;4
00000;00000;0180400;4
01299;00054;0180500;4
00252;00212;0180600;4
00133;00074;0180700;4
00232;00331;0180800;4
00074;00311;0180900;4
00133;00133;0181000;4
00133;00469;0181100;4
00014;00000;0181200;4
00133;00054;0181300;4
00054;00000;0181400;4
00000;01832;0181500;4
00113;00093;0181600;4
00113;00054;0181700;4
00093;00350;0181800;4
00133;00074;0181900;4
00192;00113;0182000;4
00000;00469;0182100;4
00153;00000;0182200;4
00113;00093;0182300;4
00133;00153;0182400;4
00113;00449;0182500;4
00074;00449;0182600;4
00074;00350;0182700;4
00014;00173;0182800;4
00133;00074;0182900;4
00133;00133;0183000;4
00133;00000;0183100;4
00000;01477;0183200;4
00000;00173;0183300;4
00054;00370;0183400;4
00173;00390;0183500;4
00113;00232;0183600;4
00093;00232;0183700;4
00000;01358;0183800;4
00173;00350;0183900;4
00113;00271;0184000;4
00153;00034;0184100;4
00173;00331;0184200;4
00133;00192;0184300;4
00034;00074;0184400;4
00054;00489;0184500;4
00034;00370;0184600;4
00153;00093;0184700;4
00133;00000;0184800;4
00173;00331;0184900;4
00034;00173;0185000;4
00034;00113;0185100;4
00074;00271;0185200;4
00113;00232;0185300;4
00153;00192;0185400;4
00000;00410;0185500;4
00093;00034;0185600;4
00074;00014;0185700;4
00153;00000;0185800;4
00173;00469;0185900;4
00113;00212;0186000;4
00133;00054;0186100;4
00054;00291;0186200;4
00074;00014;0186300;4
00113;00074;0186400;4
00093;00000;0186500;4
00232;00271;0186600;4
00000;00153;0186700;4
00093;00014;0186800;4
00133;00548;0186900;4
00173;00291;0187000;4
00014;00000;0187100;4
00000;00232;0187200;4
00093;00113;0187300;4
00093;00271;0187400;4
00232;00350;0187500;4
00173;00271;0187600;4
00054;00133;0187700;4
00113;00000;0187800;4
00074;00133;0187900;4
00113;00133;0188000;4
00113;00153;0188100;4
00000;00000;0188200;4
00943;00291;0188300;4
00074;00014;0188400;4
00173;00449;0188500;4
00113;00173;0188600;4
00173;00370;0188700;4
00192;00291;0188800;4
00000;00173;0188900;4
00212;00232;0189000;4
00093;00054;0189100;4
00074;00271;0189200;4
00093;00311;0189300;4
00034;00212;0189400;4
00054;00153;0189500;4
00113;00568;0189600;4
00133;00291;0189700;4
00074;00074;0189800;4
00000;00000;0189900;4
02346;00508;0190000;4
00192;00331;0190100;4
00113;00054;0190200;4
00074;00331;0190300;4
00074;00153;0190400;4
00133;00311;0190500;4
00054;00232;0190600;4
00133;00350;0190700;4
00113;00311;0190800;4
00113;00000;0190900;4
00000;00746;0191000;4
00000;00133;0191100;4
00173;00192;0191200;4
00054;00271;0191300;4
00074;00252;0191400;4
00074;00252;0191500;4
00000;00000;0191600;4
01516;00311;0191700;4
00173;00034;0191800;4
00173;00331;0191900;4
00093;00370;0192000;4
00054;00291;0192100;4
00000;00133;0192200;4
00133;00311;0192300;4
00000;00074;0192400;4
00133;00034;0192500;4
00113;00000;0192600;4
00000;00587;0192700;4
00000;00074;0192800;4
00113;00113;0192900;4
00113;00311;0193000;4
00093;00133;0193100;4
00212;00469;0193200;4
00000;01239;0193300;4
00153;00093;0193400;4
00074;00074;0193500;4
00054;00153;0193600;4
00074;00291;0193700;4
00014;00113;0193800;4
00192;00000;0193900;4
00054;00271;0194000;4
00173;00212;0194100;4
00054;00054;0194200;4
00113;00000;0194300;4
00000;00607;0194400;4
00000;00014;0194500;4
00153;00000;0194600;4
00133;00113;0194700;4
00153;00173;0194800;4
00074;00000;0194900;4
00000;00686;0195000;4
00192;00291;0195100;4
00113;00232;0195200;4
00014;00212;0195300;4
00113;00429;0195400;4
00173;00350;0195500;4
00113;00350;0195600;4
00113;00252;0195700;4
00173;00212;0195800;4
00113;00390;0195900;4
00074;00000;0196000;4
00133;00232;0196100;4
00113;00054;0196200;4
00074;00054;0196300;4
00153;00350;0196400;4
00133;00113;0196500;4
00133;00113;0196600;4
00000;00113;0196700;4
00153;00074;0196800;4
00034;00153;0196900;4
00113;00271;0197000;4
00113;00410;0197100;4
00133;00252;0197200;4
00113;00014;0197300;4
00133;00311;0197400;4
00113;00113;0197500;4
00133;00074;0197600;4
00192;00000;0197700;4
00113;00093;0197800;4
00133;00212;0197900;4
00133;00133;0198000;4
00133;00291;0198100;4
00113;00252;0198200;4
00192;00271;0198300;4
00000;00291;0198400;4
00212;00113;0198500;4
00113;00074;0198600;4
00093;00271;0198700;4
00173;00192;0198800;4
00153;00014;0198900;4
00192;00370;0199000;4
00054;00568;0199100;4
00153;00133;0199200;4
00113;00000;0199300;4
00074;00000;0199400;4
00113;00074;0199500;4
00054;00133;0199600;4
00054;00054;0199700;4
00212;00311;0199800;4
00113;00074;0199900;4
00192;00000;0200000;4
00000;00390;0200100;4
00113;00212;0200200;4
00054;00093;0200300;4
00074;00350;0200400;4
00133;00429;0200500;4
00232;00390;0200600;4
00173;00252;0200700;4
00093;00153;0200800;4
00074;00153;0200900;4
00113;00192;0201000;4
00014;00000;0201100;4
01714;00429;0201200;4
00173;00014;0201300;4
00093;00212;0201400;4
00153;00390;0201500;4
00034;00074;0201600;4
00133;00054;0201700;4
00173;00370;0201800;4
00173;00074;0201900;4
00113;00000;0202000;4
00113;00350;0202100;4
00113;00449;0202200;4
00054;00034;0202300;4
00074;00133;0202400;4
00192;00410;0202500;4
00113;00074;0202600;4
00113;00074;0202700;4
00000;00000;0202800;4
01891;00429;0202900;4
00252;00232;0203000;4
00093;00350;0203100;4
00034;00192;0203200;4
00113;00014;0203300;4
00153;00350;0203400;4
00113;00173;0203500;4
00054;00093;0203600;4
00054;00153;0203700;4
00153;00000;0203800;4
00000;00844;0203900;4
00000;00153;0204000;4
00133;00133;0204100;4
00113;00548;0204200;4
00133;00331;0204300;4
00113;00074;0204400;4
00000;00508;0204500;4
00963;00153;0204600;4
00133;00133;0204700;4
00173;00192;0204800;4
00212;00232;0204900;4
00113;00153;0205000;4
00153;00212;0205100;4
00054;00212;0205200;4
00054;00153;0205300;4
00054;00173;0205400;4
00173;00000;0205500;4
00000;00568;0205600;4
00000;00133;0205700;4
00113;00034;0205800;4
00074;00192;0205900;4
00034;00153;0206000;4
00153;00014;0206100;4
00000;01002;0206200;4
00173;00410;0206300;4
00034;00093;0206400;4
00034;00331;0206500;4
00133;00607;0206600;4
00133;00153;0206700;4
00093;00113;0206800;4
00153;00508;0206900;4
00074;00350;0207000;4
00093;00000;0207100;4
00133;00000;0207200;4
00192;00192;0207300;4
00014;00074;0207400;4
00054;00054;0207500;4
00350;00291;0207600;4
00133;00232;0207700;4
00113;00014;0207800;4
00000;00568;0207900;4
00232;00212;0208000;4
00054;00271;0208100;4
00054;00054;0208200;4
00093;00252;0208300;4
00192;00212;0208400;4
00014;00034;0208500;4
00093;00252;0208600;4
00173;00271;0208700;4
00153;00271;0208800;4
00173;00000;0208900;4
00173;00192;0209000;4
00153;00074;0209100;4
00153;00311;0209200;4
00173;00133;0209300;4
00133;00370;0209400;4
00173;00192;0209500;4
00000;00528;0209600;4
00113;00133;0209700;4
00133;00113;0209800;4
00133;00054;0209900;4
00153;00291;0210000;4
00093;00153;0210100;4
00074;00370;0210200;4
00133;00153;0210300;4
00054;00331;0210400;4
00074;00370;0210500;4
00014;00000;0210600;4
00034;00093;0210700;4
00113;00212;0210800;4
00113;00192;0210900;4
00133;00350;0211000;4
00093;00212;0211100;4
00113;00350;0211200;4
00000;00350;0211300;4
00153;00192;0211400;4
00093;00232;0211500;4
00113;00034;0211600;4
00212;00173;0211700;4
00153;00291;0211800;4
00133;00311;0211900;4
00212;00429;0212000;4
00153;00113;0212100;4
00192;00252;0212200;4
00113;00000;0212300;4
00093;00000;0212400;4
00054;00000;0212500;4
00093;00014;0212600;4
00133;00410;0212700;4
00133;00212;0212800;4
00000;00054;0212900;4
00000;00607;0213000;4
00153;00093;0213100;4
00113;00331;0213200;4
00054;00093;0213300;4
00192;00331;0213400;4
00113;00311;0213500;4
00093;00113;0213600;4
00093;00449;0213700;4
00113;00252;0213800;4
00054;00113;0213900;4
00000;00000;0214000;4
00311;00212;0214100;4
00113;00074;0214200;4
00074;00153;0214300;4
00192;00153;0214400;4
00192;00014;0214500;4
00113;00000;0214600;4
00153;00350;0214700;4
00153;00000;0214800;4
00074;00000;0214900;4
00153;00000;0215000;4
00000;00548;0215100;4
00000;00232;0215200;4
00054;00390;0215300;4
00133;00410;0215400;4
00133;00370;0215500;4
00192;00252;0215600;4
00000;00000;0215700;4
01516;00173;0215800;4
00153;00034;0215900;4
00133;00093;0216000;4
00133;00508;0216100;4
00054;00000;0216200;4
00153;00113;0216300;4
00252;00331;0216400;4
00000;00291;0216500;4
00133;00173;0216600;4
00173;00000;0216700;4
00000;00508;0216800;4
00054;00093;0216900;4
00093;00000;0217000;4
00133;00291;0217100;4
00173;00370;0217200;4
00113;00054;0217300;4
00000;00212;0217400;4
01002;00271;0217500;4
00074;00331;0217600;4
00054;00074;0217700;4
00113;00291;0217800;4
00192;00311;0217900;4
00153;00350;0218000;4
00113;00232;0218100;4
00074;00212;0218200;4
00113;00153;0218300;4
00133;00000;0218400;4
00000;01753;0218500;4
00000;00133;0218600;4
00093;00212;0218700;4
00093;00350;0218800;4
00093;00252;0218900;4
00173;00153;0219000;4
00000;00252;0219100;4
00192;00271;0219200;4
00113;00291;0219300;4
00074;00000;0219400;4
00133;00508;0219500;4
00113;00291;0219600;4
00054;00054;0219700;4
00093;00232;0219800;4
00113;00173;0219900;4
00054;00133;0220000;4
00113;00000;0220100;4
00232;00331;0220200;4
00074;00271;0220300;4
00093;00331;0220400;4
00133;00390;0220500;4
00113;00429;0220600;4
00133;00350;0220700;4
00000;00548;0220800;4
00113;00212;0220900;4
00014;00331;0221000;4
00074;00000;0221100;4
00133;00449;0221200;4
00074;00271;0221300;4
00093;00000;0221400;4
00133;00153;0221500;4
00093;00014;0221600;4
00054;00014;0221700;4
00113;00000;0221800;4
00133;00429;0221900;4
00153;00113;0222000;4
00054;00054;0222100;4
00093;00568;0222200;4
00192;00133;0222300;4
00093;00000;0222400;4
00000;00311;0222500;4
00192;00252;0222600;4
00153;00133;0222700;4
00133;00271;0222800;4
00093;00449;0222900;4
00093;00173;0223000;4
00153;00370;0223100;4
00074;00192;0223200;4
00153;00350;0223300;4
00192;00252;0223400;4
00093;00000;0223500;4
00173;00212;0223600;4
00093;00000;0223700;4
00133;00093;0223800;4
00093;00192;0223900;4
00173;00271;0224000;4
00113;00113;0224100;4
00000;00350;0224200;4
00113;00271;0224300;4
00014;00093;0224400;4
00014;00331;0224500;4
00133;00548;0224600;4
00074;00153;0224700;4
00113;00153;0224800;4
00173;00607;0224900;4
00113;00331;0225000;4
00093;00000;0225100;4
00173;00000;0225200;4
00074;00192;0225300;4
00034;00153;0225400;4
00133;00093;0225500;4
00113;00153;0225600;4
00093;00074;0225700;4
00153;00034;0225800;4
00000;00173;0225900;4
00133;00212;0226000;4
00054;00133;0226100;4
00173;00252;0226200;4
00074;00232;0226300;4
00014;00390;0226400;4
00113;00291;0226500;4
00113;00153;0226600;4
00133;00212;0226700;4
00093;00054;0226800;4
00000;00000;0226900;4
00350;00311;0227000;4
00074;00350;0227100;4
00133;00034;0227200;4
00054;00370;0227300;4
00113;00252;0227400;4
00074;00074;0227500;4
00113;00390;0227600;4
00153;00291;0227700;4
00000;00074;0227800;4
00133;00054;0227900;4
00000;00706;0228000;4
00000;00252;0228100;4
00133;00034;0228200;4
00113;00271;0228300;4
00113;00074;0228400;4
00153;00173;0228500;4
00000;00000;0228600;4
01042;00113;0228700;4
00212;00153;0228800;4
00113;00054;0228900;4
00034;00429;0229000;4
00133;00311;0229100;4
00113;00054;0229200;4
00133;00627;0229300;4
00133;00054;0229400;4
00034;00133;0229500;4
00133;00000;0229600;4
00000;00686;0229700;4
00000;00232;0229800;4
00054;00331;0229900;4
00093;00686;0230000;4
00074;00232;0230100;4
00014;00034;0230200;4
00000;00212;0230300;4
01951;00469;0230400;4
00252;00212;0230500;4
00014;00014;0230600;4
00074;00291;0230700;4
00212;00252;0230800;4
00232;00113;0230900;4
00133;00291;0231000;4
00054;00000;0231100;4
00173;00173;0231200;4
00113;00000;0231300;4
00000;00093;0231400;4
00000;00014;0231500;4
00093;00331;0231600;4
00153;00350;0231700;4
00133;00291;0231800;4
00133;00429;0231900;4
00000;00489;0232000;4
00252;00153;0232100;4
00113;00113;0232200;4
00113;00034;0232300;4
00133;00350;0232400;4
00113;00212;0232500;4
00074;00113;0232600;4
00034;00271;0232700;4
00153;00232;0232800;4
00153;00074;0232900;4
00093;00000;0233000;4
00133;00133;0233100;4
00133;00331;0233200;4
00173;00350;0233300;4
00133;00410;0233400;4
00133;00252;0233500;4
00153;00271;0233600;4
00000;00291;0233700;4
00173;00133;0233800;4
00054;00074;0233900;4
00153;00093;0234000;4
00173;00410;0234100;4
00173;00291;0234200;4
00093;00093;0234300;4
00034;00271;0234400;4
00153;00093;0234500;4
00113;00133;0234600;4
00054;00000;0234700;4
00133;00212;0234800;4
00054;00173;0234900;4
00113;00350;0235000;4
00074;00548;0235100;4
00153;00014;0235200;4
00133;00074;0235300;4
00000;00173;0235400;4
00173;00271;0235500;4
00133;00271;0235600;4
00074;00212;0235700;4
00074;00291;0235800;4
00192;00350;0235900;4
00133;00291;0236000;4
00133;00212;0236100;4
00054;00113;0236200;4
00074;00054;0236300;4
00113;00000;0236400;4
00173;00133;0236500;4
00054;00133;0236600;4
00074;00113;0236700;4
00173;00311;0236800;4
00113;00113;0236900;4
00192;00034;0237000;4
00000;00232;0237100;4
00074;00192;0237200;4
00133;00000;0237300;4
00074;00212;0237400;4
00034;00311;0237500;4
00074;00113;0237600;4
00133;00054;0237700;4
00153;00192;0237800;4
00113;00000;0237900;4
00113;00014;0238000;4
00034;00000;0238100;4
00054;00074;0238200;4
00074;00074;0238300;4
00093;00370;0238400;4
00153;00370;0238500;4
00133;00252;0238600;4
00074;00390;0238700;4
00000;00271;0238800;4
00212;00410;0238900;4
00113;00133;0239000;4
00173;00232;0239100;4
00133;00331;0239200;4
00113;00173;0239300;4
00034;00034;0239400;4
00173;00528;0239500;4
00093;00133;0239600;4
00133;00093;0239700;4
00000;00000;0239800;4
02030;00390;0239900;4
00153;00331;0240000;4
00054;00291;0240100;4
00133;00508;0240200;4
00173;00271;0240300;4
00074;00034;0240400;4
00232;00350;0240500;4
00212;00291;0240600;4
00133;00133;0240700;4
00133;00000;0240800;4
00000;01615;0240900;4
00000;00271;0241000;4
00093;00331;0241100;4
00093;00350;0241200;4
00113;00054;0241300;4
00133;00014;0241400;4
00000;00153;0241500;4
02306;00607;0241600;4
00271;00331;0241700;4
00093;00000;0241800;4
00173;00607;0241900;4
00153;00133;0242000;4
00133;00034;0242100;4
00173;00528;0242200;4
00192;00173;0242300;4
00054;00014;0242400;4
00113;00000;0242500;4
00000;01042;0242600;4
00000;00113;0242700;4
00133;00093;0242800;4
00093;00153;0242900;4
00133;00093;0243000;4
00054;00133;0243100;4
00000;00054;0243200;4
00528;00331;0243300;4
00192;00232;0243400;4
00093;00074;0243500;4
00133;00232;0243600;4
00153;00133;0243700;4
00192;00113;0243800;4
00093;00410;0243900;4
00173;00034;0244000;4
00054;00074;0244100;4
00133;00000;0244200;4
00000;00153;0244300;4
00000;00271;0244400;4
00093;00153;0244500;4
00093;00528;0244600;4
00093;00232;0244700;4
00074;00074;0244800;4
00000;00746;0244900;4
00192;00034;0245000;4
00133;00271;0245100;4
00133;00093;0245200;4
00093;00192;0245300;4
00054;00173;0245400;4
00113;00113;0245500;4
00212;00410;0245600;4
00074;00370;0245700;4
00093;00000;0245800;4
00173;00000;0245900;4
00192;00291;0246000;4
00093;00271;0246100;4
00074;00034;0246200;4
00113;00271;0246300;4
00054;00232;0246400;4
00074;00034;0246500;4
00000;00370;0246600;4
00113;00054;0246700;4
00113;00054;0246800;4
00093;00034;0246900;4
00173;00548;0247000;4
00271;00252;0247100;4
00054;00000;0247200;4
00113;00291;0247300;4
00133;00153;0247400;4
00054;00034;0247500;4
00173;00000;0247600;4
00173;00054;0247700;4
00153;00034;0247800;4
00133;00212;0247900;4
00173;00192;0248000;4
00034;00133;0248100;4
00173;00212;0248200;4
00000;00311;0248300;4
00173;00271;0248400;4
00212;00192;0248500;4
00074;00133;0248600;4
00133;00291;0248700;4
00093;00153;0248800;4
00093;00093;0248900;4
00133;00192;0249000;4
00093;00093;0249100;4
00000;00173;0249200;4
00074;00000;0249300;4
00133;00153;0249400;4
00133;00173;0249500;4
00074;00331;0249600;4
00093;00350;0249700;4
00093;00370;0249800;4
00173;00429;0249900;4
00000;00410;0250000;4
00192;00173;0250100;4
00074;00054;0250200;4
00093;00014;0250300;4
00133;00271;0250400;4
00212;00311;0250500;4
00054;00133;0250600;4
00173;00271;0250700;4
00093;00271;0250800;4
00133;00034;0250900;4
00133;00000;0251000;4
00133;00173;0251100;4
00153;00311;0251200;4
00054;00074;0251300;4
00153;00410;0251400;4
00054;00271;0251500;4
00153;00093;0251600;4
00000;00173;0251700;4
00113;00192;0251800;4
00153;00034;0251900;4
00133;00034;0252000;4
00133;00390;0252100;4
00232;00291;0252200;4
00133;00113;0252300;4
00054;00350;0252400;4
00093;00133;0252500;4
00113;00153;0252600;4
00000;00000;0252700;4
02089;00429;0252800;4
00192;00350;0252900;4
00054;00173;0253000;4
00133;00232;0253100;4
00093;00410;0253200;4
00074;00232;0253300;4
00093;00173;0253400;4
00074;00034;0253500;4
00054;00000;0253600;4
00093;00000;0253700;4
00000;00508;0253800;4
00000;00311;0253900;4
00113;00074;0254000;4
00133;00331;0254100;4
00074;00271;0254200;4
00074;00173;0254300;4
00000;00113;0254400;4
01615;00291;0254500;4
00232;00429;0254600;4
00000;00054;0254700;4
00133;00410;0254800;4
00153;00232;0254900;4
00074;00054;0255000;4
00153;00331;0255100;4
00093;00410;0255200;4
00093;00113;0255300;4
00173;00000;0255400;4
00000;01002;0255500;4
00034;00291;0255600;4
00113;00350;0255700;4
00173;00390;0255800;4
00054;00271;0255900;4
00173;00212;0256000;4
00000;00232;0256100;4
00133;00192;0256200;4
00074;00390;0256300;4
00093;00000;0256400;4
00133;00212;0256500;4
00093;00350;0256600;4
00074;00014;0256700;4
00192;00429;0256800;4
00153;00311;0256900;4
00074;00173;0257000;4
00153;00000;0257100;4
00000;01556;0257200;4
00153;00291;0257300;4
00113;00000;0257400;4
00054;00271;0257500;4
00232;00331;0257600;4
00054;00133;0257700;4
00000;00587;0257800;4
00212;00370;0257900;4
00054;00271;0258000;4
00173;00212;0258100;4
00074;00370;0258200;4
00054;00113;0258300;4
00173;00093;0258400;4
00054;00232;0258500;4
00074;00113;0258600;4
00014;00054;0258700;4
00153;00000;0258800;4
00153;00093;0258900;4
00133;00113;0259000;4
00173;00054;0259100;4
00093;00212;0259200;4
00133;00173;0259300;4
00153;00291;0259400;4
00000;00271;0259500;4
00192;00271;0259600;4
00014;00093;0259700;4
00113;00000;0259800;4
00113;00587;0259900;4
00192;00054;0260000;4
00054;00074;0260100;4
00113;00311;0260200;4
00212;00311;0260300;4
00093;00000;0260400;4
00093;00000;0260500;4
00133;00212;0260600;4
00093;00113;0260700;4
00074;00350;0260800;4
00054;00311;0260900;4
00093;00212;0261000;4
00153;00232;0261100;4
00000;00173;0261200;4
00113;00093;0261300;4
00192;00291;0261400;4
00113;00212;0261500;4
00133;00429;0261600;4
00113;00054;0261700;4
00133;00014;0261800;4
00153;00133;0261900;4
00113;00074;0262000;4
00113;00093;0262100;4
00113;00000;0262200;4
00074;00291;0262300;4
00054;00034;0262400;4
00093;00410;0262500;4
00113;00548;0262600;4
00054;00350;0262700;4
00113;00000;0262800;4
00000;00390;0262900;4
00054;00034;0263000;4
00113;00054;0263100;4
00133;00370;0263200;4
00000;00252;0263300;4
00133;00113;0263400;4
00153;00054;0263500;4
00133;00331;0263600;4
00034;00153;0263700;4
00093;00093;0263800;4
00000;00000;0263900;4
01911;00449;0264000;4
00173;00410;0264100;4
00034;00014;0264200;4
00153;00252;0264300;4
00133;00153;0264400;4
00133;00054;0264500;4
00000;00173;0264600;4
00113;00054;0264700;4
00133;00173;0264800;4
00113;00350;0264900;4
00232;00370;0265000;4
00113;00390;0265100;4
00034;00153;0265200;4
00093;00212;0265300;4
00074;00074;0265400;4
00133;00000;0265500;4
00000;00000;0265600;4
00726;00093;0265700;4
00093;00133;0265800;4
00093;00153;0265900;4
00113;00271;0266000;4
00133;00034;0266100;4
00093;00331;0266200;4
00133;00192;0266300;4
00074;00252;0266400;4
00054;00370;0266500;4
00014;00000;0266600;4
00000;00825;0266700;4
00000;00153;0266800;4
00153;00429;0266900;4
00173;00410;0267000;4
00133;00291;0267100;4
00074;00133;0267200;4
00000;00014;0267300;4
01318;00000;0267400;4
00133;00054;0267500;4
00093;00232;0267600;4
00153;00410;0267700;4
00113;00350;0267800;4
00133;00311;0267900;4
00093;00429;0268000;4
00133;00252;0268100;4
00113;00054;0268200;4
00054;00000;0268300;4
00000;00686;0268400;4
00000;00410;0268500;4
00074;00034;0268600;4
00074;00113;0268700;4
00054;00113;0268800;4
00093;00093;0268900;4
00000;00647;0269000;4
00133;00074;0269100;4
00192;00311;0269200;4
00074;00093;0269300;4
00093;00370;0269400;4
00113;00232;0269500;4
00054;00113;0269600;4
00034;00232;0269700;4
00113;00113;0269800;4
00173;00074;0269900;4
00093;00000;0270000;4
00000;00311;0270100;4
00000;00074;0270200;4
00153;00133;0270300;4
00192;00133;0270400;4
00153;00034;0270500;4
00093;00074;0270600;4
00000;00212;0270700;4
00093;00000;0270800;4
00133;00232;0270900;4
00133;00153;0271000;4
00113;00232;0271100;4
00133;00271;0271200;4
00173;00311;0271300;4
00054;00133;0271400;4
00113;00153;0271500;4
00054;00074;0271600;4
00212;00000;0271700;4
00113;00074;0271800;4
00133;00192;0271900;4
00074;00232;0272000;4
00173;00548;0272100;4
00113;00153;0272200;4
00133;00153;0272300;4
00000;00469;0272400;4
00133;00153;0272500;4
00153;00232;0272600;4
00074;00113;0272700;4
00113;00390;0272800;4
00133;00093;0272900;4
00093;00074;0273000;4
00133;00192;0273100;4
00113;00074;0273200;4
00054;00192;0273300;4
00054;00000;0273400;4
00113;00000;0273500;4
00173;00232;0273600;4
00093;00014;0273700;4
00192;00429;0273800;4
00093;00350;0273900;4
00054;00093;0274000;4
00000;00252;0274100;4
00113;00000;0274200;4
00000;00093;0274300;4
00113;00054;0274400;4
00173;00666;0274500;4
00113;00113;0274600;4
00093;00074;0274700;4
00054;00331;0274800;4
00173;00192;0274900;4
00093;00074;0275000;4
00000;00000;0275100;4
01160;00291;0275200;4
00093;00113;0275300;4
00093;00350;0275400;4
00173;00252;0275500;4
00153;00133;0275600;4
00054;00173;0275700;4
00000;00212;0275800;4
00133;00232;0275900;4
00113;00133;0276000;4
00074;00153;0276100;4
00173;00390;0276200;4
00133;00034;0276300;4
00113;00093;0276400;4
00153;00212;0276500;4
00113;00133;0276600;4
00054;00034;0276700;4
00000;00000;0276800;4
01516;00271;0276900;4
00173;00153;0277000;4
00093;00014;0277100;4
00252;00449;0277200;4
00192;00331;0277300;4
00133;00000;0277400;4
00252;00271;0277500;4
00192;00173;0277600;4
00034;00133;0277700;4
00153;00000;0277800;4
00000;01457;0277900;4
00000;00291;0278000;4
00153;00173;0278100;4
00133;00429;0278200;4
00252;00291;0278300;4
00074;00014;0278400;4
00000;00000;0278500;4
01931;00370;0278600;4
00153;00173;0278700;4
00074;00291;0278800;4
00153;00350;0278900;4
00133;00252;0279000;4
00113;00192;0279100;4
00133;00192;0279200;4
00113;00429;0279300;4
00153;00331;0279400;4
00093;00000;0279500;4
00000;00746;0279600;4
00000;00000;0279700;4
00133;00074;0279800;4
00133;00410;0279900;4
00212;00173;0280000;4
00074;00034;0280100;4
00000;00232;0280200;4
00074;00074;0280300;4
00034;00074;0280400;4
00133;00271;0280500;4
00093;00390;0280600;4
00014;00074;0280700;4
00113;00153;0280800;4
00074;00370;0280900;4
00133;00054;0281000;4
00153;00014;0281100;4
00054;00000;0281200;4
00000;00647;0281300;4
00000;00153;0281400;4
00093;00093;0281500;4
00173;00291;0281600;4
00113;00133;0281700;4
00074;00034;0281800;4
00000;00805;0281900;4
00173;00232;0282000;4
00133;00429;0282100;4
00133;00054;0282200;4
00074;00370;0282300;4
00093;00212;0282400;4
00093;00000;0282500;4
00054;00469;0282600;4
00113;00370;0282700;4
00192;00054;0282800;4
00153;00000;0282900;4
00173;00291;0283000;4
00093;00271;0283100;4
00054;00093;0283200;4
00074;00252;0283300;4
00034;00173;0283400;4
00074;00192;0283500;4
00000;01615;0283600;4
00350;00133;0283700;4
00113;00034;0283800;4
00192;00034;0283900;4
00093;00232;0284000;4
00133;00153;0284100;4
00113;00410;0284200;4
00093;00212;0284300;4
00074;00410;0284400;4
00093;00271;0284500;4
00113;00000;0284600;4
00074;00291;0284700;4
00113;00054;0284800;4
00192;00350;0284900;4
00252;00350;0285000;4
00093;00370;0285100;4
00074;00113;0285200;4
00000;00805;0285300;4
00153;00093;0285400;4
00034;00153;0285500;4
00014;00034;0285600;4
00074;00331;0285700;4
00173;00271;0285800;4
00173;00113;0285900;4
00113;00271;0286000;4
00133;00113;0286100;4
00153;00093;0286200;4
00133;00000;0286300;4
00133;00252;0286400;4
00093;00390;0286500;4
00000;00074;0286600;4
00074;00331;0286700;4
00054;00113;0286800;4
00093;00054;0286900;4
00000;00489;0287000;4
00192;00271;0287100;4
00133;00014;0287200;4
00133;00133;0287300;4
00113;00271;0287400;4
00153;00074;0287500;4
00093;00410;0287600;4
00153;00370;0287700;4
00113;00113;0287800;4
00133;00252;0287900;4
00000;00000;0288000;4
01457;00390;0288100;4
00252;00291;0288200;4
00153;00252;0288300;4
00113;00390;0288400;4
00113;00232;0288500;4
00133;00331;0288600;4
00074;00331;0288700;4
00074;00390;0288800;4
00093;00192;0288900;4
00173;00192;0289000;4
00000;00350;0289100;4
00133;00192;0289200;4
00133;00000;0289300;4
00153;00331;0289400;4
00153;00192;0289500;4
00153;00350;0289600;4
00000;00000;0289700;4
01556;00212;0289800;4
00212;00133;0289900;4
00133;00014;0290000;4
00054;00232;0290100;4
00133;00271;0290200;4
00153;00074;0290300;4
00093;00232;0290400;4
00173;00000;0290500;4
00113;00014;0290600;4
00034;00000;0290700;4
00000;00587;0290800;4
00000;00192;0290900;4
00153;00232;0291000;4
00153;00311;0291100;4
00054;00252;0291200;4
00074;00173;0291300;4
00000;00825;0291400;4
00113;00271;0291500;4
00173;00271;0291600;4
00014;00074;0291700;4
00133;00311;0291800;4
00113;00153;0291900;4
00153;00153;0292000;4
00192;00469;0292100;4
00074;00014;0292200;4
00133;00000;0292300;4
00113;00000;0292400;4
00000;01575;0292500;4
00000;00113;0292600;4
00093;00000;0292700;4
00232;00291;0292800;4
00133;00173;0292900;4
00133;00000;0293000;4
00000;00489;0293100;4
00192;00232;0293200;4
00093;00133;0293300;4
00054;00252;0293400;4
00093;00390;0293500;4
00034;00232;0293600;4
00232;00271;0293700;4
00054;00192;0293800;4
00034;00153;0293900;4
00192;00014;0294000;4
00093;00000;0294100;4
00133;00390;0294200;4
00034;00054;0294300;4
00173;00000;0294400;4
00074;00153;0294500;4
00113;00133;0294600;4
00093;00133;0294700;4
00000;00331;0294800;4
00173;00153;0294900;4
00133;00074;0295000;4
00173;00133;0295100;4
00192;00350;0295200;4
00153;00212;0295300;4
00093;00000;0295400;4
00034;00587;0295500;4
00113;00390;0295600;4
00093;00173;0295700;4
00113;00000;0295800;4
00173;00311;0295900;4
00252;00311;0296000;4
00074;00331;0296100;4
00054;00311;0296200;4
00133;00054;0296300;4
00093;00034;0296400;4
00000;00370;0296500;4
00173;00113;0296600;4
00133;00133;0296700;4
00173;00093;0296800;4
00232;00350;0296900;4
00212;00093;0297000;4
00173;00252;0297100;4
00153;00370;0297200;4
00133;00192;0297300;4
00054;00232;0297400;4
00113;00000;0297500;4
00034;00252;0297600;4
00093;00153;0297700;4
00113;00074;0297800;4
00173;00627;0297900;4
00133;00311;0298000;4
00113;00054;0298100;4
00000;00232;0298200;4
00113;00074;0298300;4
00054;00410;0298400;4
00074;00370;0298500;4
00133;00291;0298600;4
00093;00054;0298700;4
00074;00133;0298800;4
00153;00173;0298900;4
00113;00093;0299000;4
00133;00173;0299100;4
00000;00000;0299200;4
00706;00311;0299300;4
00000;00074;0299400;4
00133;00390;0299500;4
00133;00528;0299600;4
00093;00331;0299700;4
00014;00054;0299800;4
00000;00410;0299900;4
 